time_stamp,sex,height
2014-09-02 13:40:36,Male,75
2014-09-02 13:46:59,Male,70
2014-09-02 13:59:20,Male,68
2014-09-02 14:51:53,Male,74
2014-09-02 15:16:15,Male,61
2014-09-02 15:16:16,Female,65
2014-09-02 15:16:19,Female,66
2014-09-02 15:16:21,Female,62
2014-09-02 15:16:21,Female,66
2014-09-02 15:16:22,Male,67
2014-09-02 15:16:22,Male,72
2014-09-02 15:16:23,Male,6
2014-09-02 15:16:23,Male,69
2014-09-02 15:16:26,Male,68
2014-09-02 15:16:26,Male,69
2014-09-02 15:16:26,Male,66
2014-09-02 15:16:27,Male,75
2014-09-02 15:16:27,Female,64
2014-09-02 15:16:27,Female,60
2014-09-02 15:16:28,Male,67
2014-09-02 15:16:28,Male,66
2014-09-02 15:16:28,Male,"5' 4"""
2014-09-02 15:16:28,Male,70
2014-09-02 15:16:29,Male,73
2014-09-02 15:16:29,Male,72
2014-09-02 15:16:29,Male,69
2014-09-02 15:16:29,Male,69
2014-09-02 15:16:29,Male,72
2014-09-02 15:16:29,Female,64
2014-09-02 15:16:30,Male,72
2014-09-02 15:16:30,Male,75
2014-09-02 15:16:30,Male,71
2014-09-02 15:16:31,Female,67
2014-09-02 15:16:31,Female,66
2014-09-02 15:16:31,Female,67
2014-09-02 15:16:31,Male,69
2014-09-02 15:16:31,Male,68
2014-09-02 15:16:31,Female,66.75
2014-09-02 15:16:31,Male,72
2014-09-02 15:16:32,Female,5.3
2014-09-02 15:16:33,Male,69
2014-09-02 15:16:33,Male,68
2014-09-02 15:16:33,Female,63
2014-09-02 15:16:33,Male,60
2014-09-02 15:16:33,Male,73
2014-09-02 15:16:33,Male,74
2014-09-02 15:16:33,Male,74
2014-09-02 15:16:34,Male,66
2014-09-02 15:16:34,Male,68
2014-09-02 15:16:34,Male,73
2014-09-02 15:16:35,Male,70
2014-09-02 15:16:35,Male,68
2014-09-02 15:16:36,Male,73
2014-09-02 15:16:37,Male,70.5
2014-09-02 15:16:37,Female,165cm
2014-09-02 15:16:37,Male,71
2014-09-02 15:16:37,Male,70
2014-09-02 15:16:38,Male,67
2014-09-02 15:16:38,Male,69
2014-09-02 15:16:38,Male,67
2014-09-02 15:16:39,Male,69
2014-09-02 15:16:39,Male,73
2014-09-02 15:16:40,Male,74
2014-09-02 15:16:41,Male,70
2014-09-02 15:16:41,Male,66
2014-09-02 15:16:41,Male,511
2014-09-02 15:16:41,Male,72
2014-09-02 15:16:41,Female,65
2014-09-02 15:16:42,Male,65
2014-09-02 15:16:42,Male,70
2014-09-02 15:16:42,Male,73
2014-09-02 15:16:42,Male,67
2014-09-02 15:16:43,Male,72
2014-09-02 15:16:43,Male,68
2014-09-02 15:16:43,Male,68
2014-09-02 15:16:43,Female,65
2014-09-02 15:16:43,Male,72
2014-09-02 15:16:44,Male,71
2014-09-02 15:16:44,Female,65
2014-09-02 15:16:45,Female,72
2014-09-02 15:16:45,Male,69
2014-09-02 15:16:45,Male,70
2014-09-02 15:16:46,Male,72
2014-09-02 15:16:46,Male,6
2014-09-02 15:16:47,Female,62
2014-09-02 15:16:47,Female,65
2014-09-02 15:16:48,Male,70
2014-09-02 15:16:48,Male,60
2014-09-02 15:16:48,Male,67
2014-09-02 15:16:48,Female,62
2014-09-02 15:16:48,Male,71
2014-09-02 15:16:48,Female,63
2014-09-02 15:16:49,Male,68
2014-09-02 15:16:49,Female,64.1732
2014-09-02 15:16:50,Female,64
2014-09-02 15:16:50,Male,71
2014-09-02 15:16:50,Male,68.5
2014-09-02 15:16:50,Female,62
2014-09-02 15:16:50,Female,2
2014-09-02 15:16:50,Male,70
2014-09-02 15:16:50,Male,72
2014-09-02 15:16:50,Female,71
2014-09-02 15:16:51,Male,71
2014-09-02 15:16:51,Female,69.6
2014-09-02 15:16:51,Female,65
2014-09-02 15:16:51,Male,70
2014-09-02 15:16:51,Female,61
2014-09-02 15:16:52,Female,63
2014-09-02 15:16:52,Male,70
2014-09-02 15:16:52,Male,5'7
2014-09-02 15:16:52,Female,62
2014-09-02 15:16:53,Male,68
2014-09-02 15:16:53,Male,73
2014-09-02 15:16:53,Female,66.5
2014-09-02 15:16:53,Male,69
2014-09-02 15:16:53,Male,74
2014-09-02 15:16:54,Male,71.5
2014-09-02 15:16:54,Male,76
2014-09-02 15:16:54,Male,69
2014-09-02 15:16:54,Male,74
2014-09-02 15:16:55,Male,74.5
2014-09-02 15:16:55,Male,69
2014-09-02 15:16:55,Female,66
2014-09-02 15:16:55,Female,64
2014-09-02 15:16:55,Male,78
2014-09-02 15:16:56,Male,>9000
2014-09-02 15:16:56,Male,"5'7"""
2014-09-02 15:16:56,Female,69
2014-09-02 15:16:57,Female,67
2014-09-02 15:16:58,Female,63
2014-09-02 15:16:58,Male,74
2014-09-02 15:16:59,Female,62
2014-09-02 15:16:59,Female,69
2014-09-02 15:16:59,Female,64
2014-09-02 15:17:01,Male,71
2014-09-02 15:17:02,Female,62.5
2014-09-02 15:17:02,Male,68
2014-09-02 15:17:02,Female,67
2014-09-02 15:17:03,Male,71
2014-09-02 15:17:03,Male,74
2014-09-02 15:17:05,Male,75
2014-09-02 15:17:06,Female,65
2014-09-02 15:17:06,Male,68
2014-09-02 15:17:07,Female,65
2014-09-02 15:17:07,Female,66
2014-09-02 15:17:07,Male,72
2014-09-02 15:17:08,Male,73
2014-09-02 15:17:08,Male,71
2014-09-02 15:17:08,Male,74
2014-09-02 15:17:09,Female,"5'3"""
2014-09-02 15:17:09,Male,73
2014-09-02 15:17:10,Male,68
2014-09-02 15:17:10,Female,77
2014-09-02 15:17:11,Male,70.5
2014-09-02 15:17:12,Female,63
2014-09-02 15:17:12,Male,69
2014-09-02 15:17:13,Male,69
2014-09-02 15:17:14,Male,68.89
2014-09-02 15:17:14,Male,66.5
2014-09-02 15:17:14,Female,64.173
2014-09-02 15:17:14,Female,63
2014-09-02 15:17:14,Female,65
2014-09-02 15:17:16,Female,64
2014-09-02 15:17:16,Female,63
2014-09-02 15:17:18,Female,63
2014-09-02 15:17:19,Female,69
2014-09-02 15:17:19,Male,69
2014-09-02 15:17:20,Female,64
2014-09-02 15:17:20,Female,62
2014-09-02 15:17:21,Male,70
2014-09-02 15:17:21,Male,70
2014-09-02 15:17:22,Female,59
2014-09-02 15:17:22,Female,65
2014-09-02 15:17:23,Male,67.7
2014-09-02 15:17:23,Male,72
2014-09-02 15:17:23,Male,74
2014-09-02 15:17:25,Male,71.7
2014-09-02 15:17:25,Male,70.87
2014-09-02 15:17:26,Female,66
2014-09-02 15:17:29,Male,72
2014-09-02 15:17:32,Male,74
2014-09-02 15:17:39,Male,69
2014-09-02 15:17:39,Male,71
2014-09-02 15:17:40,Female,70
2014-09-02 15:17:52,Male,70
2014-09-02 15:17:57,Male,64
2014-09-02 15:18:00,Male,5 feet and 8.11 inches
2014-09-02 15:18:00,Female,68
2014-09-02 15:18:02,Female,66
2014-09-02 15:18:09,Female,64
2014-09-02 15:18:12,Male,67
2014-09-02 15:18:12,Female,65
2014-09-02 15:18:14,Male,72
2014-09-02 15:18:14,Female,5.25
2014-09-02 15:18:27,Male,70
2014-09-02 15:18:30,Female,64.57
2014-09-02 15:18:30,Female,51
2014-09-02 15:18:58,Female,63
2014-09-02 15:19:00,Female,70
2014-09-02 15:19:30,Male,68
2014-09-02 15:19:38,Female,67
2014-09-02 15:19:48,Male,5'11
2014-09-02 15:20:47,Male,69
2014-09-02 15:33:16,Female,63
2014-09-02 15:35:35,Male,71
2014-09-02 15:40:45,Male,70
2014-09-02 16:01:31,Female,64
2014-09-02 16:06:57,Male,70
2014-09-02 16:45:05,Male,68
2014-09-02 17:01:42,Male,66
2014-09-02 17:32:46,Female,69
2014-09-02 23:23:01,Male,67
2014-09-03 00:10:30,Female,65
2014-09-03 00:53:17,Male,72
2014-09-03 03:15:47,Male,72
2014-09-03 06:40:49,Male,70
2014-09-03 08:43:01,Male,75
2014-09-03 08:52:05,Female,64
2014-09-03 09:44:36,Female,66
2014-09-03 12:17:08,Male,68
2014-09-03 16:31:51,Female,69
2014-09-03 17:02:11,Male,73
2014-09-03 17:53:48,Male,66
2014-09-03 18:48:41,Male,71
2014-09-03 19:08:38,Male,67
2014-09-03 19:43:03,Male,70
2014-09-03 19:59:55,Male,67
2014-09-03 20:06:39,Female,61
2014-09-03 20:31:36,Female,64
2014-09-03 21:34:53,Female,64
2014-09-03 21:43:00,Male,5.5
2014-09-03 21:43:20,Male,72
2014-09-03 23:47:08,Male,70
2014-09-03 23:47:35,Male,65
2014-09-03 23:55:37,Male,11111
2014-09-04 00:46:45,Male,5'9''
2014-09-04 01:51:04,Male,68
2014-09-04 02:10:21,Male,67
2014-09-04 03:43:11,Male,59
2014-09-04 03:43:31,Male,59
2014-09-04 05:15:28,Female,6
2014-09-04 06:31:03,Male,6.5
2014-09-04 07:05:07,Male,72
2014-09-04 09:24:41,Female,150
2014-09-04 10:29:44,Male,5'10''
2014-09-04 10:32:50,Male,69
2014-09-04 11:02:27,Male,72
2014-09-04 11:03:26,Male,69
2014-09-04 11:56:58,Male,68.11
2014-09-04 12:32:00,Male,68.11
2014-09-04 13:22:16,Male,68
2014-09-04 14:23:19,Male,103.2
2014-09-04 17:28:02,Male,65
2014-09-05 07:54:05,Female,67
2014-09-05 09:53:32,Male,67
2014-09-06 04:18:21,Male,68
2014-09-06 12:29:09,Male,69
2014-09-06 13:52:05,Male,80
2014-09-06 17:01:32,Male,5.8
2014-09-06 21:26:42,Male,68
2014-09-06 21:32:15,Male,19
2014-09-06 22:38:40,Female,5
2014-09-06 23:15:28,Male,70
2014-09-07 01:16:35,Female,60
2014-09-07 01:16:35,Female,60
2014-09-07 11:09:57,Female,64.96
2014-09-07 14:35:35,Female,5.6
2014-09-07 16:33:46,Male,175
2014-09-07 18:18:31,Male,177
2014-09-07 20:53:43,Male,300
2014-09-08 17:22:39,Female,68
2014-09-08 18:52:24,Male,70
2014-09-08 19:42:12,Male,66
2014-09-08 19:42:24,Male,66
2014-09-09 20:00:38,Male,"5,3"
2014-09-10 12:13:23,Male,72
2014-09-10 12:57:42,Male,68
2014-09-11 01:02:37,Male,6'
2014-09-11 08:56:02,Male,72.05
2014-09-12 00:22:02,Male,71
2014-09-12 05:13:04,Male,72.5
2014-09-12 22:26:36,Male,70
2014-09-13 12:32:31,Male,72
2014-09-14 17:36:33,Male,6
2014-09-14 22:56:53,Male,68
2014-09-15 02:53:46,Male,70
2014-09-15 07:56:56,Male,5.9
2014-09-15 14:38:58,Male,"6,8"
2014-09-16 12:48:57,Male,68
2014-09-16 18:47:40,Male,66
2014-09-18 21:40:23,Male,5' 10
2014-09-19 05:04:16,Male,5.5
2014-09-19 11:01:10,Male,178
2014-09-19 20:23:59,Male,75
2014-09-21 02:30:23,Male,66
2014-09-21 22:20:36,Male,69
2014-09-23 03:39:56,Female,53
2014-09-23 16:33:48,Male,71
2014-09-23 17:33:32,Male,70
2014-09-24 05:06:07,Male,72
2014-09-24 11:20:53,Male,68.5
2014-09-24 18:28:43,Female,68
2014-09-26 05:34:34,Female,163
2014-09-26 05:56:52,Female,68
2014-09-27 16:05:13,Male,59.0551
2014-09-27 23:39:49,Male,66.92
2014-09-29 05:08:35,Male,72
2014-09-30 04:56:15,Male,72
2014-09-30 21:44:18,Male,6.2
2014-10-05 03:41:48,Male,175
2014-10-08 19:19:33,Female,Five foot eight inches
2014-10-09 16:18:53,Male,70
2014-10-10 02:37:17,Male,69
2014-10-10 15:19:00,Female,61
2014-10-10 16:04:38,Male,6.2
2014-10-10 16:09:04,Male,65
2014-10-10 19:51:55,Male,72
2014-10-10 20:06:25,Female,66
2014-10-10 20:49:41,Male,5.8
2014-10-11 05:50:54,Male,5.1
2014-10-12 01:25:54,Male,70
2014-10-12 18:00:26,Female,65
2014-10-12 21:34:06,Male,68
2014-10-13 03:09:39,Male,178
2014-10-13 18:50:52,Male,70
2014-10-14 05:18:11,Male,71
2014-10-15 10:05:45,Male,74
2014-10-15 16:46:17,Female,165
2014-10-16 03:51:23,Male,71
2014-10-16 08:47:25,Male,74
2014-10-16 12:17:12,Male,64
2014-10-16 18:04:25,Male,5.11
2014-10-18 16:38:36,Female,66
2014-10-19 13:08:30,Male,"5'5"""
2014-10-21 18:26:06,Female,165
2014-10-22 11:11:03,Male,74
2014-10-23 05:45:26,Male,75
2014-10-23 12:15:48,Male,180
2014-10-24 06:33:16,Male,68
2014-10-24 10:59:48,Female,"5'2"""
2014-10-26 10:23:11,Male,74.8
2014-10-27 06:09:39,Male,69
2014-10-27 06:17:19,Male,68.4
2014-10-27 13:08:42,Female,5.75
2014-10-29 04:28:56,Male,67
2014-10-30 06:18:27,Male,65
2014-10-31 04:08:49,Male,68
2014-11-02 01:24:54,Female,67
2014-11-03 04:59:35,Male,69.3
2014-11-03 12:57:58,Male,169
2014-11-04 10:14:53,Male,67
2014-11-04 10:15:21,Male,67
2014-11-07 16:48:40,Male,73
2014-11-07 18:01:03,Male,75
2014-11-08 11:30:54,Male,70
2014-11-08 14:58:44,Male,71
2014-11-09 15:43:21,Female,"5,4"
2014-11-11 17:26:06,Male,72
2014-11-14 18:36:09,Male,70
2014-11-17 23:20:23,Male,72
2014-11-19 01:38:17,Male,71.5
2014-11-19 09:48:34,Male,72
2014-11-20 09:17:33,Male,7
2014-11-21 11:35:45,Male,68.8976
2014-11-21 13:44:40,Male,68
2014-11-21 22:41:59,Male,5.4
2014-11-24 08:10:48,Male,69
2014-11-24 09:16:19,Male,70
2014-11-24 13:45:15,Female,75
2014-11-24 15:26:02,Male,67
2014-11-24 19:01:07,Male,157
2014-11-24 20:18:29,Male,6.1
2014-11-25 22:29:59,Male,169
2014-11-27 12:45:00,Female,5'3
2014-11-28 00:24:56,Male,5.6
2014-11-28 12:18:40,Male,214
2014-11-30 01:44:19,Male,183
2014-12-02 15:15:48,Male,67.72
2014-12-02 18:22:37,Female,65
2014-12-03 20:25:28,Male,69
2014-12-04 08:02:46,Male,71
2014-12-04 10:12:01,Male,5.6
2014-12-05 11:12:06,Male,72
2014-12-05 16:03:59,Male,72.4
2014-12-05 16:55:46,Male,69
2014-12-06 11:57:07,Male,6
2014-12-06 16:42:53,Male,79.05
2014-12-06 21:56:08,Male,162
2014-12-08 11:24:33,Male,178
2014-12-08 15:55:37,Male,180
2014-12-10 00:29:36,Male,66.4
2014-12-11 13:29:14,Male,72
2014-12-11 14:17:23,Male,5'10''
2014-12-12 19:52:43,Male,66
2014-12-14 09:18:40,Male,69.29
2014-12-15 02:17:01,Male,170
2014-12-15 14:05:22,Female,5'3''
2014-12-16 04:20:38,Female,66.1416
2014-12-16 14:43:17,Male,78
2014-12-17 06:53:11,Male,75
2014-12-17 21:27:30,Male,178
2014-12-18 04:59:42,Male,70
2014-12-22 11:50:00,Male,66
2014-12-22 12:35:27,Female,65
2014-12-22 13:24:02,Male,71
2014-12-23 10:14:08,Male,0.7
2014-12-23 13:56:18,Male,68.5
2014-12-25 01:26:13,Male,65
2014-12-25 09:50:19,Male,69
2014-12-26 10:00:12,Male,190
2014-12-26 12:01:49,Male,70
2014-12-28 03:30:35,Male,66
2014-12-29 17:07:23,Male,66
2014-12-30 10:16:00,Female,63
2014-12-31 03:10:52,Male,71
2015-01-02 10:53:07,Male,5.4
2015-01-02 20:49:32,Male,70
2015-01-03 01:37:39,Male,72
2015-01-03 08:44:16,Male,184
2015-01-03 16:02:24,Male,5'7''
2015-01-03 19:40:34,Male,68.5
2015-01-04 14:53:25,Female,68
2015-01-04 15:40:41,Male,5.9
2015-01-04 16:07:11,Male,70
2015-01-06 11:11:32,Male,68.5
2015-01-06 22:58:54,Male,5'12
2015-01-07 08:57:29,Male,53.77
2015-01-08 15:05:51,Male,66.92
2015-01-09 07:17:05,Male,73
2015-01-09 15:52:58,Male,68
2015-01-09 23:57:30,Male,72
2015-01-10 14:40:00,Male,70
2015-01-10 19:35:51,Male,5.6
2015-01-10 21:31:11,Male,71.5
2015-01-11 13:06:22,Female,5.6
2015-01-11 17:09:53,Male,184
2015-01-11 20:12:56,Male,72
2015-01-13 16:08:16,Male,67
2015-01-13 21:17:23,Male,6
2015-01-15 00:19:10,Male,167
2015-01-16 21:38:35,Male,72
2015-01-19 15:50:36,Male,74
2015-01-19 19:05:05,Male,72
2015-01-19 19:08:12,Male,72
2015-01-20 23:37:10,Male,67.7165
2015-01-21 15:19:30,Male,71
2015-01-24 01:00:37,Male,65
2015-01-24 21:09:15,Female,2'33
2015-01-24 22:32:17,Male,72
2015-01-25 05:30:55,Male,68
2015-01-25 16:13:50,Male,5'11
2015-01-26 05:37:25,Male,69
2015-01-26 11:40:33,Female,"5'3"""
2015-01-27 05:27:36,Male,71
2015-01-28 03:59:44,Male,5.5
2015-01-29 00:10:01,Female,5.2
2015-01-29 01:21:10,Male,67
2015-01-31 02:50:13,Male,180
2015-01-31 11:11:42,Male,54
2015-02-01 00:15:44,Male,5.5
2015-02-01 00:16:07,Male,5.5
2015-02-01 17:38:10,Male,6.5
2015-02-03 04:00:52,Male,67
2015-02-03 09:15:59,Male,68.1102
2015-02-03 16:53:33,Male,69
2015-02-03 17:03:18,Male,"5,8"
2015-02-03 17:23:50,Female,62
2015-02-04 12:29:16,Male,72
2015-02-04 15:07:09,Male,70
2015-02-04 16:35:50,Male,71
2015-02-04 16:50:51,Male,64.961
2015-02-04 17:56:30,Female,64
2015-02-05 14:49:08,Male,67
2015-02-05 16:53:23,Male,180
2015-02-06 03:27:55,Male,66
2015-02-08 06:40:44,Male,183
2015-02-09 13:46:48,Male,170
2015-02-09 14:31:58,Male,5'6''
2015-02-14 23:24:44,Male,66
2015-02-17 18:43:31,Male,70
2015-02-20 06:27:27,Male,66
2015-02-20 16:44:20,Female,64
2015-02-22 22:02:23,Male,72
2015-02-24 06:32:26,Male,70
2015-02-25 07:11:10,Male,172
2015-02-25 10:58:52,Male,75
2015-02-25 11:07:56,Male,72
2015-02-25 15:20:14,Male,72
2015-02-27 18:05:06,Male,612
2015-03-01 16:08:15,Male,68.5
2015-03-03 13:18:32,Female,66
2015-03-03 23:04:02,Male,5.11
2015-03-04 10:52:59,Male,71
2015-03-05 15:28:38,Male,168
2015-03-05 20:31:55,Male,72
2015-03-06 19:42:44,Female,5'4
2015-03-07 10:50:00,Female,70
2015-03-09 19:46:34,Male,67
2015-03-10 02:00:08,Male,70
2015-03-11 08:18:09,Male,70
2015-03-12 11:27:01,Male,72
2015-03-12 14:13:30,Male,63
2015-03-12 14:13:46,Male,65
2015-03-12 14:14:00,Male,63
2015-03-14 06:33:37,Male,"1,70"
2015-03-15 11:20:34,Male,70
2015-03-15 13:34:13,Male,70.8
2015-03-16 13:14:01,Male,172
2015-03-17 07:56:39,Male,87
2015-03-18 11:30:08,Male,68
2015-03-19 06:28:50,Female,66
2015-03-21 14:24:01,Male,77.1654
2015-03-21 23:06:39,Male,5.5
2015-03-23 02:49:32,Male,176
2015-03-24 10:29:59,Male,5'7.5''
2015-03-24 10:30:23,Male,5'7.5''
2015-03-27 13:22:37,Male,68
2015-03-31 19:28:50,Male,66
2015-03-31 22:56:51,Male,74
2015-04-01 15:15:07,Male,72
2015-04-01 21:32:23,Male,72.83
2015-04-02 19:24:27,Male,77
2015-04-03 07:39:01,Male,111
2015-04-03 18:14:30,Male,67
2015-04-03 21:47:14,Male,70
2015-04-04 17:39:30,Male,64
2015-04-04 20:20:55,Male,65
2015-04-05 06:49:12,Male,73
2015-04-05 13:18:44,Female,"5'2"""
2015-04-08 00:16:37,Male,66.7
2015-04-09 23:59:59,Female,69
2015-04-11 09:59:40,Male,67
2015-04-11 23:30:08,Male,173
2015-04-14 10:46:10,Male,69
2015-04-15 05:45:14,Male,174
2015-04-16 11:15:52,Male,176
2015-04-16 11:16:14,Male,175
2015-04-16 23:18:32,Male,71
2015-04-19 03:09:57,Male,64
2015-04-19 15:44:44,Male,67
2015-04-19 17:07:52,Male,70
2015-04-21 11:32:07,Male,68
2015-04-21 16:40:25,Female,"5' 7.78"""
2015-04-25 16:05:18,Male,68.5
2015-04-25 18:46:59,Male,68
2015-04-26 06:55:45,Female,67.71
2015-04-27 08:34:23,Male,66.5
2015-04-30 17:05:47,Male,69
2015-04-30 23:00:23,Male,6.7
2015-05-01 15:16:16,Female,64
2015-05-03 10:29:17,Male,60
2015-05-03 10:29:28,Male,12
2015-05-04 05:22:43,Male,6
2015-05-04 14:00:58,Female,5.1
2015-05-04 17:16:31,Male,74
2015-05-08 13:39:13,Female,5.6
2015-05-08 15:12:28,Female,5.5
2015-05-08 20:53:57,Male,67
2015-05-09 03:34:54,Male,68.8
2015-05-09 12:58:19,Male,69
2015-05-10 10:47:38,Male,78
2015-05-10 16:35:07,Male,70
2015-05-11 01:08:18,Male,66
2015-05-11 01:08:32,Male,66
2015-05-12 16:16:32,Male,74
2015-05-12 19:22:50,Male,71
2015-05-12 19:23:51,Female,yyy
2015-05-12 23:39:16,Male,73
2015-05-14 03:32:24,Male,67
2015-05-14 17:23:28,Male,72
2015-05-14 21:29:25,Male,70
2015-05-15 05:34:04,Male,70.1
2015-05-16 04:39:35,Male,5.2
2015-05-17 01:26:45,Male,69
2015-05-18 17:59:32,Female,5'5
2015-05-18 18:27:04,Female,5'8
2015-05-18 18:27:31,Male,72
2015-05-18 18:28:39,Male,72
2015-05-18 18:31:34,Male,72
2015-05-18 21:35:28,Female,63
2015-05-19 01:49:14,Male,5'6
2015-05-19 04:04:42,Male,67
2015-05-19 16:24:55,Male,73.2
2015-05-20 16:31:41,Female,64
2015-05-20 23:50:59,Male,74
2015-05-23 05:31:34,Male,73.62
2015-05-24 16:39:22,Male,72
2015-05-25 03:16:45,Female,68.4
2015-05-25 16:19:20,Male,69
2015-05-26 19:21:52,Female,61
2015-05-27 08:03:32,Male,5 feet 7inches
2015-05-27 08:57:35,Male,89
2015-05-30 12:11:42,Male,69
2015-05-31 21:48:33,Male,5.6
2015-05-31 22:01:13,Male,68
2015-06-01 11:08:52,Male,65
2015-06-01 12:07:39,Male,68.9
2015-06-01 21:26:52,Male,67.71
2015-06-02 04:37:45,Male,67
2015-06-02 04:38:13,Male,67
2015-06-03 01:01:05,Female,59
2015-06-03 01:01:33,Female,59
2015-06-04 15:08:35,Female,5.7
2015-06-06 09:10:33,Male,183
2015-06-06 13:16:46,Male,71
2015-06-07 14:27:46,Male,172
2015-06-07 14:28:31,Male,68
2015-06-07 20:41:38,Male,66.9
2015-06-08 17:30:05,Male,34
2015-06-14 10:14:50,Male,68.5
2015-06-14 13:02:21,Male,74
2015-06-14 15:20:46,Male,25
2015-06-15 22:23:50,Male,76
2015-06-16 13:59:01,Male,60
2015-06-19 18:00:24,Male,69
2015-06-21 11:06:21,Male,6
2015-06-24 09:41:50,Male,69
2015-06-24 22:13:32,Male,67
2015-06-25 12:16:10,Male,70
2015-06-26 08:01:59,Male,68.5
2015-06-27 17:59:56,Male,70
2015-06-29 20:55:15,Male,67
2015-06-30 12:56:33,Male,70
2015-06-30 19:48:34,Male,69
2015-07-01 17:38:13,Female,65
2015-07-08 11:00:07,Male,68.9
2015-07-09 11:54:14,Male,5.9
2015-07-09 17:18:44,Male,168
2015-07-10 00:48:14,Female,66.9291
2015-07-10 20:53:02,Male,70
2015-07-12 23:03:06,Male,6.5
2015-07-13 11:59:10,Male,70.85
2015-07-14 23:17:02,Male,170
2015-07-18 04:37:21,Male,175
2015-07-23 00:41:58,Female,64
2015-07-23 10:39:53,Male,69
2015-07-23 11:05:35,Male,67
2015-07-23 15:41:10,Male,72
2015-07-23 17:13:59,Male,6
2015-07-24 12:38:10,Male,22
2015-07-24 12:53:57,Male,67
2015-07-26 00:39:32,Male,72
2015-07-30 02:55:57,Male,72
2015-07-30 15:59:40,Male,72.83
2015-07-31 07:49:08,Male,70
2015-07-31 22:39:10,Female,63
2015-08-01 23:56:26,Male,71
2015-08-03 14:14:28,Male,72
2015-08-03 14:15:28,Male,72
2015-08-04 04:05:52,Male,72.44
2015-08-04 09:54:13,Male,70
2015-08-04 18:54:16,Male,68
2015-08-05 22:13:06,Female,59
2015-08-07 16:01:22,Male,5.11
2015-08-10 03:10:01,Male,684
2015-08-10 08:56:32,Male,61.32
2015-08-11 16:49:35,Male,6
2015-08-12 11:17:05,Male,1
2015-08-12 13:23:56,Male,68
2015-08-13 08:51:57,Male,73
2015-08-14 17:36:20,Male,71
2015-08-15 19:33:53,Male,69
2015-08-16 02:17:46,Male,71
2015-08-16 10:04:27,Male,66.93
2015-08-17 18:19:37,Male,1
2015-08-18 18:09:46,Male,58
2015-08-19 16:38:05,Female,55
2015-08-20 07:50:32,Male,70
2015-08-20 14:00:20,Male,6*12
2015-08-24 11:57:50,Male,66
2015-08-25 11:46:39,Male,65
2015-08-25 17:29:43,Male,72
2015-08-28 09:33:51,Female,74
2015-08-28 12:27:14,Male,5 .11
2015-08-29 17:11:31,Male,69
2015-08-29 21:03:59,Male,87
2015-08-30 05:58:17,Male,162
2015-08-30 14:06:22,Male,71
2015-08-31 03:45:09,Male,72
2015-09-01 22:45:11,Male,68
2015-09-02 23:19:14,Male,69
2015-09-05 10:58:18,Male,70
2015-09-05 22:33:54,Male,73
2015-09-06 05:24:36,Male,165
2015-09-07 17:13:56,Male,184
2015-09-08 06:42:14,Male,73.22
2015-09-09 18:34:43,Female,64
2015-09-12 11:19:34,Male,70
2015-09-14 00:52:37,Male,75
2015-09-14 22:38:44,Male,63
2015-09-16 00:29:26,Male,72.05
2015-09-16 06:17:15,Male,6
2015-09-17 22:56:39,Male,68
2015-09-18 17:11:46,Male,75
2015-09-18 18:03:49,Male,68
2015-09-20 01:38:34,Male,173
2015-09-21 07:26:37,Male,70
2015-09-21 11:35:28,Female,66.1417
2015-09-23 14:26:42,Male,74
2015-09-24 16:54:49,Male,1.6
2015-09-25 04:59:19,Male,68
2015-09-25 04:59:27,Male,68
2015-09-28 13:09:54,Male,70
2015-09-29 11:44:25,Male,71
2015-09-29 11:56:08,Male,172
2015-09-29 12:26:07,Male,170
2015-10-01 12:19:54,Male,70
2015-10-02 22:49:12,Male,70.08
2015-10-04 01:38:53,Male,67.2
2015-10-04 02:10:59,Male,69
2015-10-05 16:18:43,Male,70
2015-10-05 16:26:29,Male,69
2015-10-08 16:51:44,Male,72.44
2015-10-08 20:15:10,Male,69
2015-10-10 12:36:45,Male,72.45
2015-10-10 14:17:40,Male,69
2015-10-12 01:56:33,Male,67
2015-10-12 13:30:40,Male,75.98
2015-10-19 16:06:39,Male,71
2015-10-22 03:51:26,Male,67
2015-10-22 13:04:42,Male,71
2015-10-26 02:26:36,Male,5.7
2015-10-26 14:18:50,Male,5.5
2015-10-31 00:30:43,Male,62
2015-11-03 11:16:22,Male,71
2015-11-04 16:37:08,Male,74
2015-11-08 16:32:33,Male,69
2015-11-09 11:17:08,Male,72
2015-11-11 19:47:36,Male,174
2015-11-13 13:02:51,Male,170
2015-11-14 12:36:04,Male,68
2015-11-14 13:13:47,Male,66.9291
2015-11-16 09:48:44,Male,63
2015-11-21 13:36:36,Female,160
2015-11-22 08:05:51,Male,120
2015-11-22 08:07:15,Male,120
2015-11-23 01:59:55,Female,23
2015-11-23 09:20:58,Male,70
2015-11-24 10:39:45,Male,192
2015-11-26 02:36:36,Male,68
2015-11-26 02:37:06,Male,69
2015-11-28 16:16:36,Male,5 11
2015-11-29 10:27:21,Male,71
2015-11-30 00:48:35,Male,69.3
2015-12-02 08:57:44,Male,167
2015-12-02 17:22:16,Male,70.866
2015-12-04 01:31:39,Male,67
2015-12-08 07:53:22,Male,67.72
2015-12-09 17:16:39,Male,70
2015-12-16 11:24:47,Male,67
2015-12-16 22:20:25,Male,65
2015-12-18 06:31:43,Male,67
2015-12-21 19:41:11,Female,62.4
2015-12-22 18:21:36,Male,71
2015-12-22 19:03:56,Male,150
2015-12-23 10:17:57,Male,72
2015-12-25 05:20:16,Male,68
2015-12-26 09:59:16,Male,75
2015-12-27 08:54:08,Male,72
2015-12-29 12:54:33,Male,66
2016-01-05 03:59:11,Male,71
2016-01-05 10:05:24,Male,76
2016-01-05 14:36:42,Male,69
2016-01-06 17:56:01,Male,69
2016-01-10 19:31:21,Male,1.7
2016-01-11 11:57:58,Male,66
2016-01-11 21:31:59,Male,174
2016-01-12 08:42:59,Male,69.29
2016-01-14 14:33:13,Male,72
2016-01-18 09:49:45,Male,5.8
2016-01-18 16:27:13,Female,64
2016-01-18 16:49:16,Male,66
2016-01-19 16:31:26,Male,70
2016-01-20 10:09:11,Male,67
2016-01-21 01:09:50,Male,75.6
2016-01-21 04:17:10,Male,71.5
2016-01-21 13:38:22,Male,6
2016-01-25 08:15:15,Female,63
2016-01-25 08:15:21,Female,62
2016-01-25 08:15:25,Male,69
2016-01-25 08:15:29,Female,68
2016-01-25 08:15:37,Male,71.65
2016-01-25 08:15:37,Male,75
2016-01-25 08:15:39,Male,68.8976
2016-01-25 08:15:40,Male,74
2016-01-25 08:15:41,Female,65
2016-01-25 08:15:44,Female,5'4
2016-01-25 08:15:45,Female,"5'8"""
2016-01-25 08:15:45,Female,5'5
2016-01-25 08:15:46,Female,64
2016-01-25 08:15:46,Female,67
2016-01-25 08:15:47,Male,69
2016-01-25 08:15:49,Male,5.8
2016-01-25 08:15:50,Female,67
2016-01-25 08:15:50,Female,68.8976
2016-01-25 08:15:51,Female,62.6
2016-01-25 08:15:52,Male,70
2016-01-25 08:15:54,Female,69
2016-01-25 08:15:56,Female,65
2016-01-25 08:15:57,Female,63
2016-01-25 08:15:59,Male,67.3
2016-01-25 08:16:14,Female,64.2
2016-01-25 08:16:16,Female,63
2016-01-25 08:16:19,Male,5.1
2016-01-25 08:16:19,Male,67
2016-01-25 08:16:22,Male,5.11
2016-01-25 08:16:30,Female,61
2016-01-25 08:16:34,Female,61
2016-01-25 08:17:02,Female,68.11
2016-01-25 08:17:16,Female,66.14
2016-01-25 08:18:36,Female,67.5
2016-01-25 08:19:24,Female,60
2016-01-25 08:20:50,Female,5.7
2016-01-25 08:24:35,Female,67.72
2016-01-25 08:28:54,Female,66
2016-01-25 08:29:00,Male,5'7
2016-01-25 08:34:06,Female,70
2016-01-25 14:39:56,Female,5'6
2016-01-25 16:32:52,Female,64.5
2016-01-25 16:57:54,Female,68
2016-01-25 19:52:43,Male,69
2016-01-25 21:18:33,Male,68
2016-01-25 22:02:03,Male,"5'11"""
2016-01-25 22:55:06,Male,76
2016-01-25 23:49:35,Male,70.8661
2016-01-26 00:09:20,Male,66
2016-01-26 03:51:04,Female,67
2016-01-26 08:42:16,Male,71
2016-01-26 09:49:07,Female,62.5
2016-01-26 09:49:15,Male,"5'7"""
2016-01-26 09:49:19,Male,5'7
2016-01-26 09:49:21,Male,172
2016-01-26 09:50:56,Female,60
2016-01-26 09:51:03,Male,67
2016-01-26 09:51:19,Female,5'8
2016-01-26 09:51:38,Male,75
2016-01-26 09:51:51,Male,65
2016-01-26 09:52:35,Male,65
2016-01-26 09:52:54,Female,64
2016-01-26 09:53:56,Female,62
2016-01-26 09:54:02,Male,180
2016-01-26 09:55:01,Male,75
2016-01-26 09:55:07,Male,"5' 11"""
2016-01-26 09:56:03,Female,67
2016-01-26 09:57:39,Male,72
2016-01-26 10:00:09,Female,5
2016-01-26 10:01:24,Male,68
2016-01-26 10:01:51,Female,64
2016-01-26 10:01:58,Male,180
2016-01-26 10:01:59,Male,180
2016-01-26 10:02:26,Male,"6'1"""
2016-01-26 10:03:45,Male,75.4
2016-01-26 10:05:04,Female,68
2016-01-26 10:08:16,Male,70
2016-01-26 10:09:55,Male,5.9
2016-01-26 10:12:47,Female,63
2016-01-26 10:13:06,Female,5.2
2016-01-26 10:15:37,Male,73
2016-01-26 10:15:39,Male,72
2016-01-26 10:21:11,Female,68
2016-01-26 10:27:25,Female,61
2016-01-26 10:36:37,Female,60
2016-01-26 10:40:07,Male,5.5
2016-01-26 10:40:26,Female,63
2016-01-26 10:44:54,Male,67
2016-01-26 10:53:37,Female,"69"""
2016-01-26 10:57:37,Male,74
2016-01-26 11:00:02,Female,68
2016-01-26 11:12:44,Male,70
2016-01-26 11:14:41,Male,73
2016-01-26 11:19:51,Male,70
2016-01-26 11:24:06,Female,60
2016-01-26 11:34:16,Female,66
2016-01-26 11:53:28,Female,68
2016-01-26 11:55:08,Male,"5' 7"""
2016-01-26 11:57:35,Male,65
2016-01-26 12:02:05,Male,71
2016-01-26 12:02:30,Female,5'10''
2016-01-26 12:38:40,Male,65
2016-01-26 12:42:42,Male,72.8346
2016-01-26 13:09:41,Female,5.51
2016-01-26 13:25:44,Male,5'10
2016-01-26 13:27:47,Male,70
2016-01-26 13:28:40,Female,65
2016-01-26 13:46:49,Male,5'10
2016-01-26 14:02:10,Male,70
2016-01-26 15:05:55,Female,67.7
2016-01-26 15:16:11,Female,62
2016-01-26 15:19:32,Male,5ft 9 inches
2016-01-26 15:19:51,Male,5 ft 9 inches
2016-01-26 15:38:25,Female,5'2
2016-01-26 16:20:24,Male,74
2016-01-26 16:42:11,Male,5'11
2016-01-26 16:46:16,Female,70
2016-01-26 17:03:28,Male,64
2016-01-26 17:38:42,Male,73
2016-01-26 18:01:04,Male,70
2016-01-26 18:34:20,Male,66
2016-01-26 18:34:39,Male,66
2016-01-26 18:55:43,Male,5.8
2016-01-26 18:57:44,Female,62
2016-01-26 19:13:39,Female,66
2016-01-26 19:18:18,Female,64
2016-01-26 19:55:26,Male,67
2016-01-26 20:03:11,Male,71
2016-01-26 20:14:13,Male,78
2016-01-26 21:17:39,Male,69
2016-01-26 21:25:54,Female,5.7
2016-01-26 21:38:49,Male,70
2016-01-26 21:46:40,Female,65
2016-01-26 22:42:10,Male,70
2016-01-26 23:08:56,Male,167
2016-01-26 23:20:11,Male,71
2016-01-27 01:38:01,Male,68
2016-01-27 01:42:15,Female,67
2016-01-27 03:15:06,Male,168
2016-01-27 06:29:41,Female,64
2016-01-27 07:42:10,Male,68
2016-01-27 08:27:52,Female,60
2016-01-27 09:34:14,Female,64
2016-01-27 11:48:40,Male,73.2
2016-01-27 16:10:21,Male,6
2016-01-27 17:19:20,Male,6.1
2016-01-27 18:39:40,Male,71
2016-01-27 18:39:41,Male,72.44
2016-01-27 20:42:03,Female,67
2016-01-28 01:50:27,Male,71
2016-02-02 01:34:36,Male,5'11''
2016-02-03 10:30:58,Male,68.89
2016-02-03 10:31:12,Male,68.89
2016-02-03 13:09:58,Male,5.69
2016-02-05 02:03:44,Male,178
2016-02-05 16:50:55,Male,182
2016-02-06 06:52:05,Female,69
2016-02-06 17:52:54,Female,164
2016-02-06 20:14:55,Female,66
2016-02-08 17:22:43,Male,68
2016-02-08 21:21:24,Male,70
2016-02-11 08:14:27,Male,70
2016-02-11 11:49:33,Male,"5'8"""
2016-02-15 06:41:29,Male,70.1
2016-02-16 05:36:25,Female,185
2016-02-16 14:39:41,Male,6
2016-02-18 09:55:44,Male,86
2016-02-21 02:44:19,Male,72
2016-02-21 06:52:58,Male,66
2016-02-22 02:08:47,Male,66
2016-02-22 07:09:02,Male,69
2016-02-23 14:47:55,Male,66
2016-02-28 01:35:44,Male,78.74
2016-03-01 02:38:42,Male,5.7
2016-03-03 00:33:59,Male,70
2016-03-03 12:26:27,Male,67
2016-03-08 12:43:59,Male,66
2016-03-11 11:12:20,Male,70
2016-03-12 06:12:43,Male,"708,661"
2016-03-12 21:03:40,Female,5.25
2016-03-14 08:38:58,Male,72.8346
2016-03-14 19:02:25,Male,67.7
2016-03-15 06:06:25,Male,72
2016-03-16 13:56:23,Female,69
2016-03-17 07:08:39,Male,5.5
2016-03-18 00:45:39,Male,5 feet 6 inches
2016-03-21 01:12:17,Male,5'10''
2016-03-21 01:33:17,Male,172
2016-03-22 23:28:17,Male,67
2016-03-25 14:45:53,Male,6
2016-03-25 17:44:31,Female,5'8
2016-03-28 19:53:54,Female,69
2016-03-29 20:46:04,Male,64.9
2016-03-30 03:32:51,Male,160
2016-04-02 12:48:06,Male,"6'3"""
2016-04-06 13:10:04,Male,69
2016-04-09 02:56:01,Female,64.96
2016-04-10 07:23:45,Male,"649,606"
2016-04-10 22:45:49,Male,10000
2016-04-12 08:02:20,Male,64.5
2016-04-12 12:28:27,Male,64
2016-04-13 22:48:07,Male,65
2016-04-19 19:43:09,Male,70
2016-04-20 14:31:42,Male,5.1
2016-04-20 21:28:45,Male,67
2016-04-21 06:15:43,Male,152
2016-04-22 04:28:55,Male,1
2016-04-23 17:15:26,Male,67.5
2016-04-25 06:11:45,Male,180
2016-04-25 06:11:53,Male,70.86
2016-04-27 04:46:25,Male,"728,346"
2016-04-28 03:04:11,Male,175
2016-04-30 10:22:31,Male,70
2016-05-02 20:07:09,Male,158
2016-05-05 15:32:10,Male,173
2016-05-06 16:24:08,Male,164
2016-05-07 09:10:43,Male,6 04
2016-05-08 07:48:53,Male,169
2016-05-08 09:11:01,Female,0
2016-05-08 16:07:35,Male,70
2016-05-10 06:33:08,Male,185
2016-05-10 09:47:40,Male,168
2016-05-11 11:13:10,Male,5'9
2016-05-12 08:06:17,Male,169
2016-05-12 16:02:10,Male,5'5''
2016-05-13 10:19:42,Male,68
2016-05-13 11:29:29,Male,174
2016-05-14 05:40:39,Male,68
2016-05-14 05:43:34,Male,68.11024
2016-05-16 07:03:07,Male,6.3
2016-05-18 19:18:11,Male,69
2016-05-20 01:36:36,Male,179
2016-05-22 01:53:31,Male,66
2016-05-22 06:17:17,Male,69
2016-05-22 08:02:42,Male,"5'7"""
2016-05-22 16:02:55,Male,68.89
2016-05-22 20:33:53,Male,73.22
2016-05-23 00:28:39,Male,66
2016-05-23 02:01:27,Male,5.5
2016-05-26 07:52:38,Male,6
2016-05-26 16:36:41,Male,75
2016-05-30 14:30:29,Male,6
2016-06-01 08:59:39,Male,170
2016-06-05 14:07:20,Female,52
2016-06-05 14:07:38,Female,52
2016-06-15 08:44:13,Female,79
2016-06-21 00:33:27,Male,70
2016-06-28 13:01:41,Male,6
2016-06-30 00:45:47,Male,172
2016-07-16 13:43:51,Female,64
2016-07-23 18:27:29,Male,68.11
2016-07-26 13:02:34,Male,67
2016-07-30 18:25:16,Male,158
2016-08-01 01:15:42,Female,100
2016-08-04 21:59:08,Male,75
2016-08-08 20:48:17,Male,75
2016-08-21 18:50:48,Male,81
2016-09-16 00:56:15,Male,69
2016-10-16 14:30:39,Male,68.8976378
2016-10-19 10:46:26,Male,159
2016-10-28 13:15:55,Male,76
2016-11-06 10:21:02,Female,190
2016-11-13 23:16:25,Male,69.6
2016-11-22 14:04:10,Male,5.7
2016-12-05 03:10:49,Female,63
2016-12-13 20:34:25,Male,70
2016-12-28 05:35:07,Male,72.44
2017-01-13 17:43:01,Female,66
2017-01-17 09:06:04,Male,170
2017-01-17 12:01:28,Male,158
2017-01-24 06:11:09,Male,73
2017-01-24 08:37:58,Male,72
2017-01-30 16:48:20,Female,60
2017-02-06 09:57:53,Male,"6'4"""
2017-02-06 20:10:55,Male,65
2017-02-26 23:17:23,Male,66
2017-03-05 12:31:24,Male,180
2017-03-23 08:17:57,Male,68.9
2017-03-25 12:35:10,Male,5.57
2017-03-27 18:49:44,Male,71
2017-03-29 11:00:05,Female,5'4
2017-04-03 16:16:57,Male,210
2017-04-16 11:48:07,Male,72
2017-04-16 15:19:01,Male,68
2017-04-20 05:35:00,Male,67
2017-04-26 00:30:14,Male,88
2017-04-26 13:14:11,Male,69
2017-05-04 03:09:51,Female,64.2
2017-05-09 00:30:51,Male,6
2017-05-18 13:36:05,Male,63
2017-05-25 11:31:32,Female,162
2017-06-07 18:41:44,Male,66
2017-06-19 04:20:32,Male,170 cm
2017-06-21 15:13:18,Male,74
2017-06-22 09:46:58,Male,72
2017-06-29 06:55:04,Male,5.7
2017-06-30 05:03:12,Male,71
2017-07-04 01:30:25,Male,50
2017-07-06 06:04:32,Male,170
2017-07-09 13:35:25,Male,157
2017-07-12 13:06:16,Male,186
2017-07-14 09:30:26,Male,65
2017-07-25 07:40:07,Male,170
2017-08-07 05:28:13,Male,63
2017-08-09 12:16:38,Male,"7,283,465"
2017-08-11 17:35:46,Male,74
2017-08-19 04:41:19,Male,67.7165
2017-08-21 05:10:17,Male,5
2017-08-21 05:10:31,Male,5
2017-08-30 12:57:15,Female,34
2017-09-02 14:41:07,Male,69
2017-09-04 07:28:40,Male,69
2017-09-07 10:40:35,Male,50
2017-09-09 16:56:15,Female,69
2017-10-03 21:31:06,Male,69
2017-10-04 10:01:22,Male,161
2017-10-14 14:07:28,Male,5'6
2017-10-14 14:07:51,Male,5'6
